Split #,Precision,Recall,F1
0,0.2409207075671947,0.2786750164798946,0.2584262304112083
